C:/Users/ferni/OneDrive/Computer Science/FER/FER2.0/new/neutral/0.png;0,
C:/Users/ferni/OneDrive/Computer Science/FER/FER2.0/new/neutral/1.png;1,
C:/Users/ferni/OneDrive/Computer Science/FER/FER2.0/new/neutral/10.png;2,
C:/Users/ferni/OneDrive/Computer Science/FER/FER2.0/new/neutral/100.png;3,
C:/Users/ferni/OneDrive/Computer Science/FER/FER2.0/new/neutral/101.png;4,
C:/Users/ferni/OneDrive/Computer Science/FER/FER2.0/new/neutral/102.png;5,
C:/Users/ferni/OneDrive/Computer Science/FER/FER2.0/new/neutral/103.png;6,
C:/Users/ferni/OneDrive/Computer Science/FER/FER2.0/new/neutral/104.png;7,
C:/Users/ferni/OneDrive/Computer Science/FER/FER2.0/new/neutral/105.png;8,
C:/Users/ferni/OneDrive/Computer Science/FER/FER2.0/new/neutral/106.png;9,
C:/Users/ferni/OneDrive/Computer Science/FER/FER2.0/new/neutral/107.png;10,
C:/Users/ferni/OneDrive/Computer Science/FER/FER2.0/new/neutral/108.png;11,
C:/Users/ferni/OneDrive/Computer Science/FER/FER2.0/new/neutral/109.png;12,
C:/Users/ferni/OneDrive/Computer Science/FER/FER2.0/new/neutral/11.png;13,
C:/Users/ferni/OneDrive/Computer Science/FER/FER2.0/new/neutral/110.png;14,
C:/Users/ferni/OneDrive/Computer Science/FER/FER2.0/new/neutral/111.png;15,
C:/Users/ferni/OneDrive/Computer Science/FER/FER2.0/new/neutral/112.png;16,
C:/Users/ferni/OneDrive/Computer Science/FER/FER2.0/new/neutral/113.png;17,
C:/Users/ferni/OneDrive/Computer Science/FER/FER2.0/new/neutral/114.png;18,
C:/Users/ferni/OneDrive/Computer Science/FER/FER2.0/new/neutral/115.png;19,
C:/Users/ferni/OneDrive/Computer Science/FER/FER2.0/new/neutral/116.png;20,
C:/Users/ferni/OneDrive/Computer Science/FER/FER2.0/new/neutral/117.png;21,
C:/Users/ferni/OneDrive/Computer Science/FER/FER2.0/new/neutral/118.png;22,
C:/Users/ferni/OneDrive/Computer Science/FER/FER2.0/new/neutral/119.png;23,
C:/Users/ferni/OneDrive/Computer Science/FER/FER2.0/new/neutral/12.png;24,
C:/Users/ferni/OneDrive/Computer Science/FER/FER2.0/new/neutral/120.png;25,
C:/Users/ferni/OneDrive/Computer Science/FER/FER2.0/new/neutral/121.png;26,
C:/Users/ferni/OneDrive/Computer Science/FER/FER2.0/new/neutral/122.png;27,
C:/Users/ferni/OneDrive/Computer Science/FER/FER2.0/new/neutral/123.png;28,
C:/Users/ferni/OneDrive/Computer Science/FER/FER2.0/new/neutral/124.png;29,
C:/Users/ferni/OneDrive/Computer Science/FER/FER2.0/new/neutral/125.png;30,
C:/Users/ferni/OneDrive/Computer Science/FER/FER2.0/new/neutral/126.png;31,
C:/Users/ferni/OneDrive/Computer Science/FER/FER2.0/new/neutral/127.png;32,
C:/Users/ferni/OneDrive/Computer Science/FER/FER2.0/new/neutral/128.png;33,
C:/Users/ferni/OneDrive/Computer Science/FER/FER2.0/new/neutral/129.png;34,
C:/Users/ferni/OneDrive/Computer Science/FER/FER2.0/new/neutral/13.png;35,
C:/Users/ferni/OneDrive/Computer Science/FER/FER2.0/new/neutral/130.png;36,
C:/Users/ferni/OneDrive/Computer Science/FER/FER2.0/new/neutral/131.png;37,
C:/Users/ferni/OneDrive/Computer Science/FER/FER2.0/new/neutral/132.png;38,
C:/Users/ferni/OneDrive/Computer Science/FER/FER2.0/new/neutral/133.png;39,
C:/Users/ferni/OneDrive/Computer Science/FER/FER2.0/new/neutral/134.png;40,
C:/Users/ferni/OneDrive/Computer Science/FER/FER2.0/new/neutral/135.png;41,
C:/Users/ferni/OneDrive/Computer Science/FER/FER2.0/new/neutral/136.png;42,
C:/Users/ferni/OneDrive/Computer Science/FER/FER2.0/new/neutral/137.png;43,
C:/Users/ferni/OneDrive/Computer Science/FER/FER2.0/new/neutral/138.png;44,
C:/Users/ferni/OneDrive/Computer Science/FER/FER2.0/new/neutral/139.png;45,
C:/Users/ferni/OneDrive/Computer Science/FER/FER2.0/new/neutral/14.png;46,
C:/Users/ferni/OneDrive/Computer Science/FER/FER2.0/new/neutral/140.png;47,
C:/Users/ferni/OneDrive/Computer Science/FER/FER2.0/new/neutral/141.png;48,
C:/Users/ferni/OneDrive/Computer Science/FER/FER2.0/new/neutral/142.png;49,
C:/Users/ferni/OneDrive/Computer Science/FER/FER2.0/new/neutral/143.png;50,
C:/Users/ferni/OneDrive/Computer Science/FER/FER2.0/new/neutral/144.png;51,
C:/Users/ferni/OneDrive/Computer Science/FER/FER2.0/new/neutral/145.png;52,
C:/Users/ferni/OneDrive/Computer Science/FER/FER2.0/new/neutral/146.png;53,
C:/Users/ferni/OneDrive/Computer Science/FER/FER2.0/new/neutral/147.png;54,
C:/Users/ferni/OneDrive/Computer Science/FER/FER2.0/new/neutral/148.png;55,
C:/Users/ferni/OneDrive/Computer Science/FER/FER2.0/new/neutral/149.png;56,
C:/Users/ferni/OneDrive/Computer Science/FER/FER2.0/new/neutral/15.png;57,
C:/Users/ferni/OneDrive/Computer Science/FER/FER2.0/new/neutral/150.png;58,
C:/Users/ferni/OneDrive/Computer Science/FER/FER2.0/new/neutral/151.png;59,
C:/Users/ferni/OneDrive/Computer Science/FER/FER2.0/new/neutral/152.png;60,
C:/Users/ferni/OneDrive/Computer Science/FER/FER2.0/new/neutral/153.png;61,
C:/Users/ferni/OneDrive/Computer Science/FER/FER2.0/new/neutral/154.png;62,
C:/Users/ferni/OneDrive/Computer Science/FER/FER2.0/new/neutral/155.png;63,
C:/Users/ferni/OneDrive/Computer Science/FER/FER2.0/new/neutral/156.png;64,
C:/Users/ferni/OneDrive/Computer Science/FER/FER2.0/new/neutral/157.png;65,
C:/Users/ferni/OneDrive/Computer Science/FER/FER2.0/new/neutral/158.png;66,
C:/Users/ferni/OneDrive/Computer Science/FER/FER2.0/new/neutral/159.png;67,
C:/Users/ferni/OneDrive/Computer Science/FER/FER2.0/new/neutral/16.png;68,
C:/Users/ferni/OneDrive/Computer Science/FER/FER2.0/new/neutral/160.png;69,
C:/Users/ferni/OneDrive/Computer Science/FER/FER2.0/new/neutral/161.png;70,
C:/Users/ferni/OneDrive/Computer Science/FER/FER2.0/new/neutral/162.png;71,
C:/Users/ferni/OneDrive/Computer Science/FER/FER2.0/new/neutral/163.png;72,
C:/Users/ferni/OneDrive/Computer Science/FER/FER2.0/new/neutral/164.png;73,
C:/Users/ferni/OneDrive/Computer Science/FER/FER2.0/new/neutral/165.png;74,
C:/Users/ferni/OneDrive/Computer Science/FER/FER2.0/new/neutral/166.png;75,
C:/Users/ferni/OneDrive/Computer Science/FER/FER2.0/new/neutral/167.png;76,
C:/Users/ferni/OneDrive/Computer Science/FER/FER2.0/new/neutral/168.png;77,
C:/Users/ferni/OneDrive/Computer Science/FER/FER2.0/new/neutral/169.png;78,
C:/Users/ferni/OneDrive/Computer Science/FER/FER2.0/new/neutral/17.png;79,
C:/Users/ferni/OneDrive/Computer Science/FER/FER2.0/new/neutral/170.png;80,
C:/Users/ferni/OneDrive/Computer Science/FER/FER2.0/new/neutral/171.png;81,
C:/Users/ferni/OneDrive/Computer Science/FER/FER2.0/new/neutral/172.png;82,
C:/Users/ferni/OneDrive/Computer Science/FER/FER2.0/new/neutral/173.png;83,
C:/Users/ferni/OneDrive/Computer Science/FER/FER2.0/new/neutral/174.png;84,
C:/Users/ferni/OneDrive/Computer Science/FER/FER2.0/new/neutral/175.png;85,
C:/Users/ferni/OneDrive/Computer Science/FER/FER2.0/new/neutral/176.png;86,
C:/Users/ferni/OneDrive/Computer Science/FER/FER2.0/new/neutral/177.png;87,
C:/Users/ferni/OneDrive/Computer Science/FER/FER2.0/new/neutral/178.png;88,
C:/Users/ferni/OneDrive/Computer Science/FER/FER2.0/new/neutral/179.png;89,
C:/Users/ferni/OneDrive/Computer Science/FER/FER2.0/new/neutral/18.png;90,
C:/Users/ferni/OneDrive/Computer Science/FER/FER2.0/new/neutral/180.png;91,
C:/Users/ferni/OneDrive/Computer Science/FER/FER2.0/new/neutral/181.png;92,
C:/Users/ferni/OneDrive/Computer Science/FER/FER2.0/new/neutral/182.png;93,
C:/Users/ferni/OneDrive/Computer Science/FER/FER2.0/new/neutral/183.png;94,
C:/Users/ferni/OneDrive/Computer Science/FER/FER2.0/new/neutral/184.png;95,
C:/Users/ferni/OneDrive/Computer Science/FER/FER2.0/new/neutral/185.png;96,
C:/Users/ferni/OneDrive/Computer Science/FER/FER2.0/new/neutral/186.png;97,
C:/Users/ferni/OneDrive/Computer Science/FER/FER2.0/new/neutral/187.png;98,
C:/Users/ferni/OneDrive/Computer Science/FER/FER2.0/new/neutral/188.png;99,
C:/Users/ferni/OneDrive/Computer Science/FER/FER2.0/new/neutral/189.png;100,
C:/Users/ferni/OneDrive/Computer Science/FER/FER2.0/new/neutral/19.png;101,
C:/Users/ferni/OneDrive/Computer Science/FER/FER2.0/new/neutral/190.png;102,
C:/Users/ferni/OneDrive/Computer Science/FER/FER2.0/new/neutral/191.png;103,
C:/Users/ferni/OneDrive/Computer Science/FER/FER2.0/new/neutral/192.png;104,
C:/Users/ferni/OneDrive/Computer Science/FER/FER2.0/new/neutral/193.png;105,
C:/Users/ferni/OneDrive/Computer Science/FER/FER2.0/new/neutral/194.png;106,
C:/Users/ferni/OneDrive/Computer Science/FER/FER2.0/new/neutral/195.png;107,
C:/Users/ferni/OneDrive/Computer Science/FER/FER2.0/new/neutral/196.png;108,
C:/Users/ferni/OneDrive/Computer Science/FER/FER2.0/new/neutral/197.png;109,
C:/Users/ferni/OneDrive/Computer Science/FER/FER2.0/new/neutral/198.png;110,
C:/Users/ferni/OneDrive/Computer Science/FER/FER2.0/new/neutral/199.png;111,
C:/Users/ferni/OneDrive/Computer Science/FER/FER2.0/new/neutral/2.png;112,
C:/Users/ferni/OneDrive/Computer Science/FER/FER2.0/new/neutral/20.png;113,
C:/Users/ferni/OneDrive/Computer Science/FER/FER2.0/new/neutral/200.png;114,
C:/Users/ferni/OneDrive/Computer Science/FER/FER2.0/new/neutral/201.png;115,
C:/Users/ferni/OneDrive/Computer Science/FER/FER2.0/new/neutral/202.png;116,
C:/Users/ferni/OneDrive/Computer Science/FER/FER2.0/new/neutral/203.png;117,
C:/Users/ferni/OneDrive/Computer Science/FER/FER2.0/new/neutral/204.png;118,
C:/Users/ferni/OneDrive/Computer Science/FER/FER2.0/new/neutral/205.png;119,
C:/Users/ferni/OneDrive/Computer Science/FER/FER2.0/new/neutral/206.png;120,
C:/Users/ferni/OneDrive/Computer Science/FER/FER2.0/new/neutral/207.png;121,
C:/Users/ferni/OneDrive/Computer Science/FER/FER2.0/new/neutral/208.png;122,
C:/Users/ferni/OneDrive/Computer Science/FER/FER2.0/new/neutral/209.png;123,
C:/Users/ferni/OneDrive/Computer Science/FER/FER2.0/new/neutral/21.png;124,
C:/Users/ferni/OneDrive/Computer Science/FER/FER2.0/new/neutral/210.png;125,
C:/Users/ferni/OneDrive/Computer Science/FER/FER2.0/new/neutral/211.png;126,
C:/Users/ferni/OneDrive/Computer Science/FER/FER2.0/new/neutral/212.png;127,
C:/Users/ferni/OneDrive/Computer Science/FER/FER2.0/new/neutral/213.png;128,
C:/Users/ferni/OneDrive/Computer Science/FER/FER2.0/new/neutral/214.png;129,
C:/Users/ferni/OneDrive/Computer Science/FER/FER2.0/new/neutral/215.png;130,
C:/Users/ferni/OneDrive/Computer Science/FER/FER2.0/new/neutral/216.png;131,
C:/Users/ferni/OneDrive/Computer Science/FER/FER2.0/new/neutral/217.png;132,
C:/Users/ferni/OneDrive/Computer Science/FER/FER2.0/new/neutral/218.png;133,
C:/Users/ferni/OneDrive/Computer Science/FER/FER2.0/new/neutral/219.png;134,
C:/Users/ferni/OneDrive/Computer Science/FER/FER2.0/new/neutral/22.png;135,
C:/Users/ferni/OneDrive/Computer Science/FER/FER2.0/new/neutral/220.png;136,
C:/Users/ferni/OneDrive/Computer Science/FER/FER2.0/new/neutral/221.png;137,
C:/Users/ferni/OneDrive/Computer Science/FER/FER2.0/new/neutral/222.png;138,
C:/Users/ferni/OneDrive/Computer Science/FER/FER2.0/new/neutral/223.png;139,
C:/Users/ferni/OneDrive/Computer Science/FER/FER2.0/new/neutral/224.png;140,
C:/Users/ferni/OneDrive/Computer Science/FER/FER2.0/new/neutral/225.png;141,
C:/Users/ferni/OneDrive/Computer Science/FER/FER2.0/new/neutral/226.png;142,
C:/Users/ferni/OneDrive/Computer Science/FER/FER2.0/new/neutral/227.png;143,
C:/Users/ferni/OneDrive/Computer Science/FER/FER2.0/new/neutral/228.png;144,
C:/Users/ferni/OneDrive/Computer Science/FER/FER2.0/new/neutral/229.png;145,
C:/Users/ferni/OneDrive/Computer Science/FER/FER2.0/new/neutral/23.png;146,
C:/Users/ferni/OneDrive/Computer Science/FER/FER2.0/new/neutral/230.png;147,
C:/Users/ferni/OneDrive/Computer Science/FER/FER2.0/new/neutral/231.png;148,
C:/Users/ferni/OneDrive/Computer Science/FER/FER2.0/new/neutral/232.png;149,
C:/Users/ferni/OneDrive/Computer Science/FER/FER2.0/new/neutral/233.png;150,
C:/Users/ferni/OneDrive/Computer Science/FER/FER2.0/new/neutral/234.png;151,
C:/Users/ferni/OneDrive/Computer Science/FER/FER2.0/new/neutral/235.png;152,
C:/Users/ferni/OneDrive/Computer Science/FER/FER2.0/new/neutral/236.png;153,
C:/Users/ferni/OneDrive/Computer Science/FER/FER2.0/new/neutral/237.png;154,
C:/Users/ferni/OneDrive/Computer Science/FER/FER2.0/new/neutral/238.png;155,
C:/Users/ferni/OneDrive/Computer Science/FER/FER2.0/new/neutral/239.png;156,
C:/Users/ferni/OneDrive/Computer Science/FER/FER2.0/new/neutral/24.png;157,
C:/Users/ferni/OneDrive/Computer Science/FER/FER2.0/new/neutral/240.png;158,
C:/Users/ferni/OneDrive/Computer Science/FER/FER2.0/new/neutral/241.png;159,
C:/Users/ferni/OneDrive/Computer Science/FER/FER2.0/new/neutral/242.png;160,
C:/Users/ferni/OneDrive/Computer Science/FER/FER2.0/new/neutral/243.png;161,
C:/Users/ferni/OneDrive/Computer Science/FER/FER2.0/new/neutral/244.png;162,
C:/Users/ferni/OneDrive/Computer Science/FER/FER2.0/new/neutral/245.png;163,
C:/Users/ferni/OneDrive/Computer Science/FER/FER2.0/new/neutral/246.png;164,
C:/Users/ferni/OneDrive/Computer Science/FER/FER2.0/new/neutral/247.png;165,
C:/Users/ferni/OneDrive/Computer Science/FER/FER2.0/new/neutral/248.png;166,
C:/Users/ferni/OneDrive/Computer Science/FER/FER2.0/new/neutral/249.png;167,
C:/Users/ferni/OneDrive/Computer Science/FER/FER2.0/new/neutral/25.png;168,
C:/Users/ferni/OneDrive/Computer Science/FER/FER2.0/new/neutral/250.png;169,
C:/Users/ferni/OneDrive/Computer Science/FER/FER2.0/new/neutral/251.png;170,
C:/Users/ferni/OneDrive/Computer Science/FER/FER2.0/new/neutral/252.png;171,
C:/Users/ferni/OneDrive/Computer Science/FER/FER2.0/new/neutral/253.png;172,
C:/Users/ferni/OneDrive/Computer Science/FER/FER2.0/new/neutral/254.png;173,
C:/Users/ferni/OneDrive/Computer Science/FER/FER2.0/new/neutral/255.png;174,
C:/Users/ferni/OneDrive/Computer Science/FER/FER2.0/new/neutral/256.png;175,
C:/Users/ferni/OneDrive/Computer Science/FER/FER2.0/new/neutral/257.png;176,
C:/Users/ferni/OneDrive/Computer Science/FER/FER2.0/new/neutral/258.png;177,
C:/Users/ferni/OneDrive/Computer Science/FER/FER2.0/new/neutral/259.png;178,
C:/Users/ferni/OneDrive/Computer Science/FER/FER2.0/new/neutral/26.png;179,
C:/Users/ferni/OneDrive/Computer Science/FER/FER2.0/new/neutral/260.png;180,
C:/Users/ferni/OneDrive/Computer Science/FER/FER2.0/new/neutral/261.png;181,
C:/Users/ferni/OneDrive/Computer Science/FER/FER2.0/new/neutral/262.png;182,
C:/Users/ferni/OneDrive/Computer Science/FER/FER2.0/new/neutral/263.png;183,
C:/Users/ferni/OneDrive/Computer Science/FER/FER2.0/new/neutral/264.png;184,
C:/Users/ferni/OneDrive/Computer Science/FER/FER2.0/new/neutral/265.png;185,
C:/Users/ferni/OneDrive/Computer Science/FER/FER2.0/new/neutral/266.png;186,
C:/Users/ferni/OneDrive/Computer Science/FER/FER2.0/new/neutral/267.png;187,
C:/Users/ferni/OneDrive/Computer Science/FER/FER2.0/new/neutral/268.png;188,
C:/Users/ferni/OneDrive/Computer Science/FER/FER2.0/new/neutral/269.png;189,
C:/Users/ferni/OneDrive/Computer Science/FER/FER2.0/new/neutral/27.png;190,
C:/Users/ferni/OneDrive/Computer Science/FER/FER2.0/new/neutral/270.png;191,
C:/Users/ferni/OneDrive/Computer Science/FER/FER2.0/new/neutral/271.png;192,
C:/Users/ferni/OneDrive/Computer Science/FER/FER2.0/new/neutral/272.png;193,
C:/Users/ferni/OneDrive/Computer Science/FER/FER2.0/new/neutral/273.png;194,
C:/Users/ferni/OneDrive/Computer Science/FER/FER2.0/new/neutral/274.png;195,
C:/Users/ferni/OneDrive/Computer Science/FER/FER2.0/new/neutral/275.png;196,
C:/Users/ferni/OneDrive/Computer Science/FER/FER2.0/new/neutral/276.png;197,
C:/Users/ferni/OneDrive/Computer Science/FER/FER2.0/new/neutral/277.png;198,
C:/Users/ferni/OneDrive/Computer Science/FER/FER2.0/new/neutral/278.png;199,
C:/Users/ferni/OneDrive/Computer Science/FER/FER2.0/new/neutral/279.png;200,
C:/Users/ferni/OneDrive/Computer Science/FER/FER2.0/new/neutral/28.png;201,
C:/Users/ferni/OneDrive/Computer Science/FER/FER2.0/new/neutral/280.png;202,
C:/Users/ferni/OneDrive/Computer Science/FER/FER2.0/new/neutral/281.png;203,
C:/Users/ferni/OneDrive/Computer Science/FER/FER2.0/new/neutral/282.png;204,
C:/Users/ferni/OneDrive/Computer Science/FER/FER2.0/new/neutral/283.png;205,
C:/Users/ferni/OneDrive/Computer Science/FER/FER2.0/new/neutral/284.png;206,
C:/Users/ferni/OneDrive/Computer Science/FER/FER2.0/new/neutral/285.png;207,
C:/Users/ferni/OneDrive/Computer Science/FER/FER2.0/new/neutral/286.png;208,
C:/Users/ferni/OneDrive/Computer Science/FER/FER2.0/new/neutral/287.png;209,
C:/Users/ferni/OneDrive/Computer Science/FER/FER2.0/new/neutral/288.png;210,
C:/Users/ferni/OneDrive/Computer Science/FER/FER2.0/new/neutral/289.png;211,
C:/Users/ferni/OneDrive/Computer Science/FER/FER2.0/new/neutral/29.png;212,
C:/Users/ferni/OneDrive/Computer Science/FER/FER2.0/new/neutral/290.png;213,
C:/Users/ferni/OneDrive/Computer Science/FER/FER2.0/new/neutral/291.png;214,
C:/Users/ferni/OneDrive/Computer Science/FER/FER2.0/new/neutral/292.png;215,
C:/Users/ferni/OneDrive/Computer Science/FER/FER2.0/new/neutral/293.png;216,
C:/Users/ferni/OneDrive/Computer Science/FER/FER2.0/new/neutral/294.png;217,
C:/Users/ferni/OneDrive/Computer Science/FER/FER2.0/new/neutral/295.png;218,
C:/Users/ferni/OneDrive/Computer Science/FER/FER2.0/new/neutral/296.png;219,
C:/Users/ferni/OneDrive/Computer Science/FER/FER2.0/new/neutral/297.png;220,
C:/Users/ferni/OneDrive/Computer Science/FER/FER2.0/new/neutral/298.png;221,
C:/Users/ferni/OneDrive/Computer Science/FER/FER2.0/new/neutral/299.png;222,
C:/Users/ferni/OneDrive/Computer Science/FER/FER2.0/new/neutral/3.png;223,
C:/Users/ferni/OneDrive/Computer Science/FER/FER2.0/new/neutral/30.png;224,
C:/Users/ferni/OneDrive/Computer Science/FER/FER2.0/new/neutral/300.png;225,
C:/Users/ferni/OneDrive/Computer Science/FER/FER2.0/new/neutral/301.png;226,
C:/Users/ferni/OneDrive/Computer Science/FER/FER2.0/new/neutral/302.png;227,
C:/Users/ferni/OneDrive/Computer Science/FER/FER2.0/new/neutral/303.png;228,
C:/Users/ferni/OneDrive/Computer Science/FER/FER2.0/new/neutral/304.png;229,
C:/Users/ferni/OneDrive/Computer Science/FER/FER2.0/new/neutral/305.png;230,
C:/Users/ferni/OneDrive/Computer Science/FER/FER2.0/new/neutral/306.png;231,
C:/Users/ferni/OneDrive/Computer Science/FER/FER2.0/new/neutral/307.png;232,
C:/Users/ferni/OneDrive/Computer Science/FER/FER2.0/new/neutral/308.png;233,
C:/Users/ferni/OneDrive/Computer Science/FER/FER2.0/new/neutral/309.png;234,
C:/Users/ferni/OneDrive/Computer Science/FER/FER2.0/new/neutral/31.png;235,
C:/Users/ferni/OneDrive/Computer Science/FER/FER2.0/new/neutral/310.png;236,
C:/Users/ferni/OneDrive/Computer Science/FER/FER2.0/new/neutral/311.png;237,
C:/Users/ferni/OneDrive/Computer Science/FER/FER2.0/new/neutral/312.png;238,
C:/Users/ferni/OneDrive/Computer Science/FER/FER2.0/new/neutral/313.png;239,
C:/Users/ferni/OneDrive/Computer Science/FER/FER2.0/new/neutral/314.png;240,
C:/Users/ferni/OneDrive/Computer Science/FER/FER2.0/new/neutral/315.png;241,
C:/Users/ferni/OneDrive/Computer Science/FER/FER2.0/new/neutral/316.png;242,
C:/Users/ferni/OneDrive/Computer Science/FER/FER2.0/new/neutral/317.png;243,
C:/Users/ferni/OneDrive/Computer Science/FER/FER2.0/new/neutral/318.png;244,
C:/Users/ferni/OneDrive/Computer Science/FER/FER2.0/new/neutral/319.png;245,
C:/Users/ferni/OneDrive/Computer Science/FER/FER2.0/new/neutral/32.png;246,
C:/Users/ferni/OneDrive/Computer Science/FER/FER2.0/new/neutral/320.png;247,
C:/Users/ferni/OneDrive/Computer Science/FER/FER2.0/new/neutral/321.png;248,
C:/Users/ferni/OneDrive/Computer Science/FER/FER2.0/new/neutral/322.png;249,
C:/Users/ferni/OneDrive/Computer Science/FER/FER2.0/new/neutral/323.png;250,
C:/Users/ferni/OneDrive/Computer Science/FER/FER2.0/new/neutral/324.png;251,
C:/Users/ferni/OneDrive/Computer Science/FER/FER2.0/new/neutral/325.png;252,
C:/Users/ferni/OneDrive/Computer Science/FER/FER2.0/new/neutral/326.png;253,
C:/Users/ferni/OneDrive/Computer Science/FER/FER2.0/new/neutral/33.png;254,
C:/Users/ferni/OneDrive/Computer Science/FER/FER2.0/new/neutral/34.png;255,
C:/Users/ferni/OneDrive/Computer Science/FER/FER2.0/new/neutral/35.png;256,
C:/Users/ferni/OneDrive/Computer Science/FER/FER2.0/new/neutral/36.png;257,
C:/Users/ferni/OneDrive/Computer Science/FER/FER2.0/new/neutral/37.png;258,
C:/Users/ferni/OneDrive/Computer Science/FER/FER2.0/new/neutral/38.png;259,
C:/Users/ferni/OneDrive/Computer Science/FER/FER2.0/new/neutral/39.png;260,
C:/Users/ferni/OneDrive/Computer Science/FER/FER2.0/new/neutral/4.png;261,
C:/Users/ferni/OneDrive/Computer Science/FER/FER2.0/new/neutral/40.png;262,
C:/Users/ferni/OneDrive/Computer Science/FER/FER2.0/new/neutral/41.png;263,
C:/Users/ferni/OneDrive/Computer Science/FER/FER2.0/new/neutral/42.png;264,
C:/Users/ferni/OneDrive/Computer Science/FER/FER2.0/new/neutral/43.png;265,
C:/Users/ferni/OneDrive/Computer Science/FER/FER2.0/new/neutral/44.png;266,
C:/Users/ferni/OneDrive/Computer Science/FER/FER2.0/new/neutral/45.png;267,
C:/Users/ferni/OneDrive/Computer Science/FER/FER2.0/new/neutral/46.png;268,
C:/Users/ferni/OneDrive/Computer Science/FER/FER2.0/new/neutral/47.png;269,
C:/Users/ferni/OneDrive/Computer Science/FER/FER2.0/new/neutral/48.png;270,
C:/Users/ferni/OneDrive/Computer Science/FER/FER2.0/new/neutral/49.png;271,
C:/Users/ferni/OneDrive/Computer Science/FER/FER2.0/new/neutral/5.png;272,
C:/Users/ferni/OneDrive/Computer Science/FER/FER2.0/new/neutral/50.png;273,
C:/Users/ferni/OneDrive/Computer Science/FER/FER2.0/new/neutral/51.png;274,
C:/Users/ferni/OneDrive/Computer Science/FER/FER2.0/new/neutral/52.png;275,
C:/Users/ferni/OneDrive/Computer Science/FER/FER2.0/new/neutral/53.png;276,
C:/Users/ferni/OneDrive/Computer Science/FER/FER2.0/new/neutral/54.png;277,
C:/Users/ferni/OneDrive/Computer Science/FER/FER2.0/new/neutral/55.png;278,
C:/Users/ferni/OneDrive/Computer Science/FER/FER2.0/new/neutral/56.png;279,
C:/Users/ferni/OneDrive/Computer Science/FER/FER2.0/new/neutral/57.png;280,
C:/Users/ferni/OneDrive/Computer Science/FER/FER2.0/new/neutral/58.png;281,
C:/Users/ferni/OneDrive/Computer Science/FER/FER2.0/new/neutral/59.png;282,
C:/Users/ferni/OneDrive/Computer Science/FER/FER2.0/new/neutral/6.png;283,
C:/Users/ferni/OneDrive/Computer Science/FER/FER2.0/new/neutral/60.png;284,
C:/Users/ferni/OneDrive/Computer Science/FER/FER2.0/new/neutral/61.png;285,
C:/Users/ferni/OneDrive/Computer Science/FER/FER2.0/new/neutral/62.png;286,
C:/Users/ferni/OneDrive/Computer Science/FER/FER2.0/new/neutral/63.png;287,
C:/Users/ferni/OneDrive/Computer Science/FER/FER2.0/new/neutral/64.png;288,
C:/Users/ferni/OneDrive/Computer Science/FER/FER2.0/new/neutral/65.png;289,
C:/Users/ferni/OneDrive/Computer Science/FER/FER2.0/new/neutral/66.png;290,
C:/Users/ferni/OneDrive/Computer Science/FER/FER2.0/new/neutral/67.png;291,
C:/Users/ferni/OneDrive/Computer Science/FER/FER2.0/new/neutral/68.png;292,
C:/Users/ferni/OneDrive/Computer Science/FER/FER2.0/new/neutral/69.png;293,
C:/Users/ferni/OneDrive/Computer Science/FER/FER2.0/new/neutral/7.png;294,
C:/Users/ferni/OneDrive/Computer Science/FER/FER2.0/new/neutral/70.png;295,
C:/Users/ferni/OneDrive/Computer Science/FER/FER2.0/new/neutral/71.png;296,
C:/Users/ferni/OneDrive/Computer Science/FER/FER2.0/new/neutral/72.png;297,
C:/Users/ferni/OneDrive/Computer Science/FER/FER2.0/new/neutral/73.png;298,
C:/Users/ferni/OneDrive/Computer Science/FER/FER2.0/new/neutral/74.png;299,
C:/Users/ferni/OneDrive/Computer Science/FER/FER2.0/new/neutral/75.png;300,
C:/Users/ferni/OneDrive/Computer Science/FER/FER2.0/new/neutral/76.png;301,
C:/Users/ferni/OneDrive/Computer Science/FER/FER2.0/new/neutral/77.png;302,
C:/Users/ferni/OneDrive/Computer Science/FER/FER2.0/new/neutral/78.png;303,
C:/Users/ferni/OneDrive/Computer Science/FER/FER2.0/new/neutral/79.png;304,
C:/Users/ferni/OneDrive/Computer Science/FER/FER2.0/new/neutral/8.png;305,
C:/Users/ferni/OneDrive/Computer Science/FER/FER2.0/new/neutral/80.png;306,
C:/Users/ferni/OneDrive/Computer Science/FER/FER2.0/new/neutral/81.png;307,
C:/Users/ferni/OneDrive/Computer Science/FER/FER2.0/new/neutral/82.png;308,
C:/Users/ferni/OneDrive/Computer Science/FER/FER2.0/new/neutral/83.png;309,
C:/Users/ferni/OneDrive/Computer Science/FER/FER2.0/new/neutral/84.png;310,
C:/Users/ferni/OneDrive/Computer Science/FER/FER2.0/new/neutral/85.png;311,
C:/Users/ferni/OneDrive/Computer Science/FER/FER2.0/new/neutral/86.png;312,
C:/Users/ferni/OneDrive/Computer Science/FER/FER2.0/new/neutral/87.png;313,
C:/Users/ferni/OneDrive/Computer Science/FER/FER2.0/new/neutral/88.png;314,
C:/Users/ferni/OneDrive/Computer Science/FER/FER2.0/new/neutral/89.png;315,
C:/Users/ferni/OneDrive/Computer Science/FER/FER2.0/new/neutral/9.png;316,
C:/Users/ferni/OneDrive/Computer Science/FER/FER2.0/new/neutral/90.png;317,
C:/Users/ferni/OneDrive/Computer Science/FER/FER2.0/new/neutral/91.png;318,
C:/Users/ferni/OneDrive/Computer Science/FER/FER2.0/new/neutral/92.png;319,
C:/Users/ferni/OneDrive/Computer Science/FER/FER2.0/new/neutral/93.png;320,
C:/Users/ferni/OneDrive/Computer Science/FER/FER2.0/new/neutral/94.png;321,
C:/Users/ferni/OneDrive/Computer Science/FER/FER2.0/new/neutral/95.png;322,
C:/Users/ferni/OneDrive/Computer Science/FER/FER2.0/new/neutral/96.png;323,
C:/Users/ferni/OneDrive/Computer Science/FER/FER2.0/new/neutral/97.png;324,
C:/Users/ferni/OneDrive/Computer Science/FER/FER2.0/new/neutral/98.png;325,
C:/Users/ferni/OneDrive/Computer Science/FER/FER2.0/new/neutral/99.png;326,
